010d786687f2e7c1de5e0cf0f1a1cbdf62655aaa	Source_Files/CSeries/NibsUiHelpers.h
0161e2efaa3d44698ce7659205bc6df53dd18810	Expat/MacOS Support/MiscUtils.h
02434fadd695dbdd77de14a06d88a67f4a36b490	Source_Files/RenderMain/OGL_Win32.h
0302f28b00da9ffeb66cdda618b3453590f3f3f0	Expat/xmltok/xmldef.h
03731c056f5a8f22ef42d1e2be2c2c85bf7cb22f	Source_Files/Network/network_speaker.cpp
0375d744f56c797a2ba149b70cdddbda5fbc9478	Source_Files/Misc/vbl_definitions.h
03bcd3ebfe3d6a66e8e801c662459edec7bf0216	Source_Files/RenderMain/NewRenderRasterize.h
047ead370d7c73bcfccf4d2e5ab3cd8aa6b1e6af	Source_Files/ModelView/ModelRenderer.cpp
04826bc69c45a93a824e61977d68bdd777e5dd5b	Source_Files/XML/XML_Configure.cpp
0521cc94107aff0ca13e1e28051850075238886b	PBProjects/confpaths.h
05f4bc729f351ca9b7d5f50273f7b5c419bb7884	Source_Files/Misc/PlayerDialogs.cpp
062d22c50b4092703ebeed5e1e922f32327bd01b	Source_Files/Network/network_microphone_sdl_alsa.cpp
082cf355e4e2d80e43dc71b33afd913257773ddc	Source_Files/Lua/lua_monsters.cpp
087cc1bb1a391b9a0ce90ad5dcc8c9c231a5ee8e	Source_Files/Misc/carbon_widgets.h
08d4283b264b3115b4a4d77fb8afaf30f222fe5c	Source_Files/Files/wad.h
090cd481ee0af9a67ec36a06e88a925ad9e4f7e5	Source_Files/Network/ConnectPool.h
09dfd687f8937e700a84c8b10f767743c1a69878	Source_Files/XML/DamageParser.cpp
0a094dc628c78b7bc9a09bfbc27a18ed23658b69	Source_Files/RenderOther/OGL_LoadScreen.cpp
0a358b101ed57e03dda8369b5e8434deec1c04f4	Source_Files/GameWorld/weapons.h
0ae9eeaf3d8de3fca9e3aa5d2fbe4facd97582af	Source_Files/RenderOther/OGL_Blitter.cpp
0b1fdca00163f5cfbe5ed205192614fe4c8d3b3d	Expat/MacOS Support/SimpleVec.h
0bf89a0c498de9e2435bc1537b75035d90ce32c9	Source_Files/TCPMess/Message.h
0c0024dbbb1240c47fe5b8e9296dd8c2a4d39a87	Source_Files/ModelView/WavefrontLoader.h
0c25ca5f620a7d4baffd8bb8300e09373e5bfc34	Source_Files/Network/SSLP_API.h
0d20c32726d064b874d5ea14f0c3f732bbb90f53	Source_Files/Network/network_ddp.cpp
0d7a33877655d7daebfcd10405aed8bde6b5f1f9	Source_Files/Files/mac_rwops.h
0db3837a367b0b4c57181a4389fab2cb1b4df16d	Source_Files/Sound/ReplacementSounds.cpp
0dd062b1b74f2e63bf82ffb9623e60ae3fb4dea3	Source_Files/Network/NetworkGameProtocol.h
0de2b67dbb624f64acfdc1f0b663ebf3696671ea	Source_Files/Files/FileHandler.h
0ea9fcd466b64e9587620e1c5f5d5c3b7900bf57	Source_Files/RenderMain/render.cpp
0f673af01d479a3a23217a56b4d1268b4ed8a910	Source_Files/Network/StarGameProtocol.h
103738b90f7f4eab518c2934a8b8781c7ce33ed8	Source_Files/XML/XML_ElementParser.cpp
10464c02b997f297c6fb3caad63ee6a959dc6259	Source_Files/Misc/Scenario.cpp
106d6710fa2e851b2d437d417be0e367139e08c3	Source_Files/GameWorld/flood_map.h
118759d57d08f837048a000bcc8f7998a1cb7f79	Source_Files/Network/Metaserver/network_metaserver.cpp
11b521ba95270a2194a1e1d33f3637cb3e09d295	Source_Files/TCPMess/MessageInflater.cpp
11f1c4beaeaebccde55cfc375c56e97549b8d31d	Source_Files/Files/crc.cpp
124c73a213f3cdee15cd0e24783689d6bb957217	Extras/extract/sndextract.cpp
12b36aa115d7cdaea5de38f4b698942706abef79	Source_Files/RenderOther/HUDRenderer.cpp
131a83adec4131df09bc4c7b4bdcd93ce7f34eb4	Source_Files/GameWorld/media_definitions.h
13d16a3f995a915a2abf05db623c52a9b707198f	Source_Files/Lua/lua_map.h
1440ffce3c3eed4a435ef71e443453c4200143df	Source_Files/Misc/WindowedNthElementFinder.h
1441bbffd4caf2888e9c91377e29e6368c55b52c	Source_Files/RenderOther/TextStrings.cpp
14aa29a207ecd8a2229b68cf272c29a1adecc7fa	Source_Files/XML/XML_Loader_SDL.cpp
14debbc835b1e9c07f0964d855423be2ee692795	Source_Files/shell.cpp
156dc6fee16f939d8fd21be62ba8e2f4d2fe6b32	Source_Files/Network/network_audio_shared.h
16354f678882447445e6e766c0d7839b8c37ed9f	Source_Files/RenderMain/OGL_Subst_Texture_Def.h
167f94c467e0cc98acb403fe24a76967b5dfcb29	Source_Files/Network/Metaserver/metaserver_dialogs.cpp
1767995ab8db72b9e74b3b8d31921c269b625dd6	Source_Files/Sound/SndfileDecoder.h
177e40e841091e8a604b26a814476bb99eaee1e2	Source_Files/RenderOther/HUDRenderer_SW.h
18750e44895fee580da506712bb604d0a94f364a	Expat/xmltok/xmlrole.cpp
1892d1f6957f1124730224ebb01b58b9f74e82a9	Source_Files/Network/network_udp.cpp
1a1369eb0b39bab9bbc475a5c47f66f8cb485180	Source_Files/Misc/thread_priority_sdl_posix.cpp
1b03fab66e4c4da52d56b0164c4e9763f40e9dad	Source_Files/RenderMain/Crosshairs_SDL.cpp
1b81086a6728bc3dc97e96d12b407d5dd1a6ae99	Source_Files/Lua/lua_player.cpp
1be4ebe44832ea89d6d087969239da1757770ea8	Source_Files/RenderOther/screen_shared.h
1d03c664a05ba9e4816f199e9212cdb8c4076180	Source_Files/ModelView/Dim3_Loader.h
1d8939fac8c57a565832d6f8d3d2c4eec973beab	Source_Files/RenderOther/FontHandler.h
1d98c424c8dd9098517f3c77798139e4ad4eaf12	Source_Files/CSeries/mytm_sdl.cpp
1df7f294141ce86c0fd47ad730ad821f41f37078	Source_Files/Files/FileHandler.cpp
1e88fb08e83fad2b8eaaa2c5e007c4636645268f	Source_Files/RenderMain/NewRenderVisTree.h
1f094cd8baa6e0fff95d091b1d8070ec778902d8	Source_Files/Lua/lua_hud_objects.h
1f3771fa67ec3e8144722a1ebff5f349a45d8d18	PBProjects/SDLMain.h
1f46e331b42099818c97f75dbfd28310fa79e6f2	Source_Files/RenderOther/OverheadMap_OGL.cpp
1ff72a09582d2402c1a36a6d2988f20cf150782a	Source_Files/XML/XML_DataBlock.cpp
2010a83e263ba8523dd831679041360df2545d98	Source_Files/LibNAT/ssdp.h
20e00d7333c06a218138a3cee5a7da5624c7f2f8	Source_Files/Network/Metaserver/NibsMetaserverClientUi.cpp
21db1e750c463b2be5a5e31954bfcb66fe12db0f	Source_Files/Network/network_sound.h
224b72b657d4c0d6361f8714e193283b4b797c48	Source_Files/RenderMain/shapes.cpp
2339f23e7dd2c1e86853d95ba3914557554ee1ca	Source_Files/CSeries/my32bqd.h
23d1da21b64902bdf536afae0db5a908f20f3c68	Source_Files/Lua/lua_serialize.h
23ef7f08fd7ea732c35cfa198175e3aacc257a78	Source_Files/LibNAT/libnat.h
23f5b829c96d4305a4d53f9bdbcc5010fa53f714	Source_Files/Misc/PlayerName.h
24bd30cde79916195b2c1f63a0d6ae234948b494	Source_Files/TCPMess/MessageHandler.h
253b1e244c1e4fce7269084683b0419efbd41c11	Source_Files/RenderOther/ViewControl.cpp
2544a04febcd6539a32f98073d2e6df6f3f0c695	Source_Files/Misc/Logging_gruntwork.h
25e6a5e5b5251fbc5e5e2b0d6b95a2f45aa5d1b0	Source_Files/Network/network_lookup_sdl.cpp
2669cc233959f90ad1eaa0073c406d53a7836a7c	Source_Files/ModelView/WavefrontLoader.cpp
271fdbd624e93f49f16f46465e9043e0fa6b7e1c	Expat/xmlwf/unixfilemap.cpp
27732d1bf4fdd0542a7e53a560a316302cb0218e	Source_Files/GameWorld/player.h
27d12fc8b2141688047b1f1c78cd405db9502ab3	Source_Files/Lua/lua_hud_script.h
2821f2f8b4825b2985928b22f30953e1e4f8a9f5	Source_Files/RenderOther/ChaseCam.h
28e4e52d6f2698d81f011fed22c6b69bd1b7f625	Source_Files/RenderOther/HUDRenderer_OGL.cpp
2a31f3b9029620526449598f800d379279090e86	Source_Files/CSeries/csstrings.cpp
2a4959f0413c0ee0ed859d7bbe7d40e268f28c78	Source_Files/Network/ConnectPool.cpp
2a8d0e8f46bf337e0c47b9b016d8da663bea5fd6	Source_Files/Lua/lua_mnemonics.h
2a8f380eae591f32785c35c1e3b3bb0b174acfd5	Source_Files/Network/network_star_hub.cpp
2c49f6f8136f1d6fc7b4bd920b5ddf7b1826f145	Expat/xmlparse/xmlparse.h
2cf0402ec29b589be33eae4f91b3139d8d561f68	Source_Files/GameWorld/monster_definitions.h
2d2b6e76a77078b70c478f9435a9dad4849cd9c4	Source_Files/Misc/progress.h
2dae3218832fa84217b1e908be3716d1f658676e	Expat/xmlwf/codepage.cpp
2dd597bb3c9955e1d9c37855da07776d22cfcdeb	Source_Files/Misc/thread_priority_sdl.h
2e7d22503b7821531fdee81d8f7a74181ac58489	Source_Files/RenderOther/screen_drawing.h
2eaa09faf4a5e26d0c829d0a485b90387d743f9b	Source_Files/CSeries/gdspec.h
2ec19525a9f996ba6c33fc8d141ef8a0aa133875	Source_Files/Files/preprocess_map_shared.cpp
2ef21277612473e98906b455532cd2ced923d23e	Expat/sample/elements.cpp
2f14df2fe7ad3878e8b9ce4a0a011e6ff408260b	Source_Files/Misc/interface.h
2f5c5c9abad9b4f1c6e00804adbec4811d6d1e24	Extra OpenGL Docs/multitex.cpp
2f8f68ade482bddbb5c0221fc02e6c1ed401d4cf	Source_Files/RenderOther/FontHandler.cpp
2fb6bb648878a2fe2c5d0527f3b62479ad534f7d	Source_Files/Lua/lua_hud_objects.cpp
306bd34b16f7e030261707cb91ca1c9e134c5de6	Source_Files/Misc/MacCheckbox.h
30c3f01ebb29408caafccfbf6a283957dcf00fcb	Source_Files/Misc/sdl_dialogs.cpp
30c55d7ef05adbdc0e9ab891824624121e91e005	Source_Files/RenderOther/HUDRenderer_OGL.h
314b678a53ff7e7ca3acdff3e976a2a9bbf62ea9	Source_Files/RenderMain/scottish_textures.h
3183372ceb91a0246e225bf37abd95000c8f43b8	Expat/xmltok/xmltok_impl.h
3193ceb85fb595d5f6e447bc5bdffe325e4cff2d	Source_Files/Network/network_dialogs.cpp
31dad9dbd95284124ba93b18af9690ee1bf26c81	Source_Files/TCPMess/Message.cpp
324ff056195a3ca6afa275c1c57cb85283d218c9	Extra OpenGL Docs/rasonly2.cpp
3293ac48424102c283229f88e19893ee172f2e05	Source_Files/XML/XML_DataBlock.h
333fa2dba4ff450cb985aa675771203dd1a12e9f	Source_Files/XML/ColorParser.cpp
33d06eabcf5739187ce908fb169d37cbc46e7699	Source_Files/LibNAT/os.h
350fa56dc29a1a864b7023614310d5fa12824ea0	Source_Files/Lua/lauxlib.h
355d6bd31f212ec9cdda90348852fe4c983e68c7	Source_Files/TCPMess/CommunicationsChannel.h
35b63ba9800e0c8a7e6d24007e6db459e4ac798c	Source_Files/Misc/preferences.h
35e63d3287ef726509554e8bda85c41792a35b54	Source_Files/RenderMain/low_level_textures.h
362f0dee2a45e483ba6ae39e022bc6a199aaeec5	Source_Files/RenderMain/Rasterizer_OGL.h
3779a8efc24abde44ca0892b6d2ad03dc1484de3	Source_Files/GameWorld/marathon2.cpp
38277463e7f0622dc12e5c700ae27f25be7bfdc6	Source_Files/RenderMain/NewRenderVisTree.cpp
38507a72aa42e5cc3ee59ceba9bcbf008632a784	Expat/xmlparse/hashtable.h
3902f48a363b65d39304f6eb8d21e43bfed27b43	Source_Files/CSeries/snprintf.cpp
39404ada3aec217de07e538aa6cf49f1a4bd78a0	Source_Files/CSeries/cstypes.h
3974955361cf4ef71d1ef62db068faf5ddb53aa8	Source_Files/XML/XML_ElementParser.h
397563f3664a5ccff7af92e31daf5eeb21dbb5b3	Source_Files/RenderMain/textures.cpp
39d85dd3583399b5eae404c98a8d5f27f707778b	Source_Files/Lua/lfunc.h
3a6a9f1fb71af6b4fb5d362a754534eb0c410713	Source_Files/Lua/lua_script.cpp
3a738ef7c4d50f65e79572ab2deeca63af84a5ea	Source_Files/RenderMain/RenderRasterize.cpp
3bc3b24cc31f489aa0c9e1339fce39a25556b8be	Source_Files/Misc/sdl_network.h
3c328520c6ee917dba15831796d5515168fe4ac0	Source_Files/CSeries/cscluts.h
3c83f78807ca6a7bad60fe75da2573cddbcfbac6	Source_Files/RenderOther/OverheadMapRenderer.cpp
3cc47bba4ea63257fb8ca6c68528343d482e9cd6	Source_Files/Sound/SndfileDecoder.cpp
3d60c0e566777a617a4be0341ccb7ffe35209e05	Source_Files/Misc/Logging.h
3d6998ad1a0d726a3a35c4275b4dba95b14466eb	Source_Files/Network/network_star_spoke.cpp
3d8de3a2468b5de4a1ec1b637bf73d4a8533f6e8	Source_Files/TCPMess/CommunicationsChannel.cpp
3dab30686f43bcac579aa017ca03031a754b2264	Source_Files/CSeries/csalerts.h
3dfc2d2577203b7816fe3ea66673e268f1a5eec6	Source_Files/CSeries/cscluts_sdl.cpp
3e00efef9916f74f0254320dfb4aa93730935d01	Source_Files/Lua/ltable.h
3e09bb3cf70e47dd9afa65ed0f737380eaecb197	Source_Files/RenderOther/OverheadMap_QD.cpp
3ec011e26c7d418355eee66c42bf18c8f2105427	Source_Files/Misc/PlayerName.cpp
3f7fd473754b225d2717f2d78c98127ee478b0e7	Source_Files/Input/ISp_Support.cpp
4009fde502837c2b79248b783f0841c57ee5eee3	Expat/xmlwf/xmltchar.h
41df6e3f8dc1fe58a0eb281bfe461daef4a4d3d9	Source_Files/Network/RingGameProtocol.h
421393255a759d0188a1ae536535f84bd8196e91	Source_Files/GameWorld/projectiles.cpp
426190fe2736fc15a00d66912d2678c511a5b4c9	Source_Files/ModelView/StudioLoader.cpp
42782f799a3ec14dc8a42ac00c3403523f1ba573	Source_Files/CSeries/mytm_mac_carbon.cpp
4366ca3739aeca4ba892953bcfb150ec44c393d2	Expat/xmlwf/win32filemap.cpp
43ad8a63d1ef278c68a9634ed4271cf0342826ec	Source_Files/GameWorld/world.h
43c3315c0cc69d0af3f63b03e7a8d2598ba4a229	Source_Files/RenderOther/OverheadMapRenderer.h
44b8eedcc7d66e1cc113fed2a78002651613d58d	Source_Files/Lua/lvm.h
44d384c8ff64ff1e957dd682fe17dd34d8a05f0d	Source_Files/Files/wad_sdl.cpp
453ffbeef632d23ad92ad8d0343908fc2adb207f	Source_Files/Network/network_capabilities.cpp
454707b1cbb170c962bf5e8368914ee22387076e	Source_Files/RenderOther/FaderClassic.cpp
455908abcee475a0d686a6ff01d238f2af042e16	Source_Files/RenderOther/Image_Blitter.cpp
45d7e4d62825562fedd08ae11c8ee0cd4c0832b4	Source_Files/Lua/lua_hud_script.cpp
45d98ce4ba79f7f312a9dfa16dc517c1429eea22	Source_Files/Files/resource_manager.cpp
45e461ae698cc3f3ae26cc2609d210860fdf882d	Source_Files/Lua/ldebug.h
461ab3e95d197c605114b6464fce8a8935bb1bff	Source_Files/Misc/sdl_widgets.h
465f14595832baa0ec591d13aeeca7dfa35755b5	Source_Files/RenderMain/Rasterizer.h
475be385aea1a50bff2e712e610e8fa811d89ced	Source_Files/Files/filetypes_macintosh.cpp
48b7fb56b9ce0025b8436f774487d42d30604fe3	Source_Files/Network/network_microphone_shared.cpp
48c1b8ea462e6783895fe46a7c0ee4fca6e282b6	Source_Files/Misc/sdl_widgets.cpp
490586ecb753e71b7a5f4164decb6b6b8091aee4	Source_Files/Lua/lopcodes.h
4a5edd4544ca4635d04a190398f288411e425fb7	Source_Files/Sound/Decoder.h
4a7fd0a0ede1ab130c03a63c71fefc396dc78738	Source_Files/GameWorld/map.cpp
4adf6e9b527f97b4701d1fb0a2cbe1dd08f47309	Source_Files/CSeries/csfonts.cpp
4bd715865b54f4800521babc5f936b497162d9fe	Source_Files/GameWorld/editor.h
4cbf119bc125c60bed1aced4585553bbaa1ddfee	Source_Files/Sound/SoundManagerEnums.h
4cf2aa7a23215e3eaa722d1a9d34c31a07125391	Source_Files/Input/mouse_sdl.cpp
4d25516d893b3d9e7c73ae0d35f7344a1dec84a7	Source_Files/Input/joystick_sdl.cpp
4dc6c11b3b10abbb6f04d17bd954b29e26f2203f	Source_Files/Files/mac_rwops.cpp
4ed7c7d9a5f22c0ab8b28566c736acd24f133495	Source_Files/Input/joystick.h
5019001c6225dd3c49e9df0b8ea7b600b0ab3173	Source_Files/Network/network_star.h
50ccf3eaa8e95c6b44734a9b2be1f60cba4f0ffb	Expat/xmltok/xmltok_impl.cpp
51570114fa0b46918e2deae1bb2ba41a1e889954	PBProjects/precompiled_headers.h
516773d19a5499dbd9750846ad3c97b5136bdf6f	Source_Files/Misc/preferences.cpp
51b0b052482a7881641442c6a6ef2318a1cef30f	Source_Files/XML/XML_LevelScript.cpp
51d6744f8c91d42d3d6ee31338631a239524d3a0	Source_Files/RenderMain/SW_Texture_Extras.h
5200f00265da5f6bd4282c4e63083c4939d2d71b	Source_Files/RenderOther/screen.cpp
53c4d821f83597e4d73a23b57db9bc437d670c0d	Source_Files/RenderMain/NewRenderPlaceObjs.h
53f1b28e95161a939e4e0d6b3cb54d14939b4299	Source_Files/Misc/Random.h
5616e64b2a2479585a2621e1a6818faf2ab4d716	Source_Files/Sound/SoundFile.cpp
5625243ea99793a13fa2e412d235633f5ca30d3a	Source_Files/RenderMain/DDS.h
5660b9647e0939280f86ff6d9b2f821086cd2b43	Source_Files/CSeries/snprintf.h
56632fef40fb41141a029ed4a4ee228a72dfbdde	Source_Files/XML/XML_MakeRoot.cpp
571ea892e5a7009dd453844bc31b0a97387cbf38	Source_Files/GameWorld/items.cpp
57c1caa92d50c2cf3e01da0660aae2899f4f6a61	Source_Files/Network/SSLP_limited.cpp
582580e842d77e9127bd3fb24ea754b338d419c4	Source_Files/XML/XML_Loader_SDL.h
5879e61311b8afade24f1bf1d3bfd0440e9c22e9	Source_Files/XML/XML_Configure.h
59269dc500646124a23105b4615f01059b2c23a4	Expat/xmlwf/xmlwf.cpp
593b0e1cfc8582714e0f93e9cdc5e39bd7f027fe	Expat/xmltok/asciitab.h
5a6f2b093472b79742b8907f46af3ef0e0489b39	Source_Files/RenderMain/texturers.h
5ac64667805d98b5a01d825bcf1647a7586008bb	Source_Files/Input/mouse.cpp
5b8216451656dd98ab64cdf8d1668a4f0b87eef5	Source_Files/RenderMain/OGL_Model_Def.cpp
5cd976b7695ac3db928b6a716af73a1cbaa60e80	Source_Files/RenderOther/fades.h
5d01ffa17dd19b43508bd3a21a1dbbee6aa89862	Source_Files/Network/network_dialog_widgets_sdl.h
5dc049445f89417d81e4f800923ad48d59735066	Source_Files/Files/extensions.h
5e0ac344ea6fd200ac1bbd4290bbdbce837e043a	Source_Files/XML/ShapesParser.h
5e5e471ebed250d27ec9b196da8ad93a7f76b69f	PBProjects/config.h
5e8554080d1e9561780d74f37f71ebfe76dba246	Source_Files/Files/find_files.h
5ea6d6a69662c57afab97f57c948551310187c21	Source_Files/CSeries/my32bqd.cpp
5f15648da6f391b62bf2af5e55c8f14d7c3990aa	Source_Files/GameWorld/platforms.cpp
5f93ce3936aadf635c46c5caa63ffe81287cbedf	Source_Files/Lua/language_definition.h
5ff9cd6949eccfb56d87d6f96fe018fe5931533b	Source_Files/Misc/preference_dialogs.h
600b4a40b0ea702aa995ac29f4b48c840f1cb7d6	Source_Files/CSeries/mytm_macintosh.cpp
60144d21988c76cf98a01bb1517d01ee65e49481	Source_Files/RenderMain/OGL_Texture_Def.h
60e2af73ab1c27fd41bd63477500a3f8dad42580	Source_Files/CSeries/csstrings.h
61f76dbf5200485fec6b3c1309c95793b11588d6	Source_Files/Lua/lua_script.h
6261014ad12d3dfe7c049b4fcc8d5d9ecd6d2538	Source_Files/Lua/llimits.h
63174d71ca8b2dfb5134c98340370e4bc1688dcc	Source_Files/TCPMess/MessageDispatcher.h
63512df979febb928625022996e0bf3867afc013	Source_Files/Network/NetworkGameProtocol.cpp
63680eabcc0578d28139cac27baa125f3247b6bd	Source_Files/GameWorld/effects.cpp
63afb24cea24db5f4263c80a6c189883d006c44c	Source_Files/RenderOther/TextLayoutHelper.h
65e468d17a9fc0c3ad06478a0676c688412632d9	Source_Files/TCPMess/MessageInflater.h
66451b3d0ee9cb405b6e40596999941643040a49	Source_Files/CSeries/cskeys.h
665b7d154997e3e921862f2421b4cae553dc2b15	Source_Files/RenderOther/OverheadMap_OGL.h
6697bddd0646881ffb3f18ec367eba7b46fc7d67	Source_Files/RenderMain/OGL_Render.cpp
679b19507b9873b21bb722ec4b52cb25ac43421c	Source_Files/Sound/Decoder.cpp
685ece4910baa1a5165d787f20f13927489fe857	Source_Files/Files/AStream.h
687ef2266a127a8ad0b596cf7a9275cbfd1e9326	Source_Files/Lua/lua_objects.cpp
69cfb27ce5577bf64538fd6174cc52ae1d232af1	Source_Files/RenderOther/images.cpp
6b42ace73e431a266bc0546d119640e874c7d2b1	Source_Files/CSeries/csfiles.h
6b4fd0c402d4d329fdfa24053de598e672482d00	Source_Files/RenderMain/RenderPlaceObjs.cpp
6b61195d94eab250ba442454eb73e7a9c2b43e25	Source_Files/RenderMain/OGL_Setup.h
6b6a3cc61c9dff376163bb77c4788b957cf8b899	Source_Files/CSeries/csalerts_sdl.cpp
6bd74246e3144f49389b86a3b2b15135a4a85a56	Source_Files/TCPMess/MessageHandler.cpp
6c0925a28d31366ef9783c7f8ea989ea789343eb	Source_Files/RenderMain/ImageLoader.h
6cfdc39beb86ae798ea2ee510b77c70a0cdb42fb	Source_Files/GameWorld/devices.cpp
6f29146d3ed80da7d0f22a51a0acdf31b7cbc832	Source_Files/shell_misc.cpp
70004d19904e474bed1529b8660aa0365970cb2f	Source_Files/Network/network_udp_opentransport.cpp
70a0a745e6cc7fb03b5f050ba3f82fa6578fa282	Source_Files/Network/Metaserver/metaserver_dialogs.h
70b86489d7339cb4f4a75b840824e24da07cf4b2	Source_Files/RenderOther/HUDRenderer_SW.cpp
70dd277807c990ab94d0121d039ec7e67b002e1b	Source_Files/Misc/interface_menus.h
7107f5e3719d292b3f92e44fa445a28b58259aba	Source_Files/Lua/lcode.h
712ef976f9de67e5a968075a2408140b6282ac62	Source_Files/RenderOther/ViewControl.h
718a9400f53e11884a8cba82a1daa1684ad80129	Source_Files/RenderMain/ImageLoader_Macintosh.cpp
719e4394c12684ec7e090f6517760fae40fe31ad	Source_Files/Sound/Music.cpp
71bc3f2409b62a62228b170399bdd2315f425d04	Source_Files/Files/wad_prefs.cpp
72f966fae7b66f1ac0949d0559d2346e8a02b7d4	Expat/xmlwf/codepage.h
72fdfdeb511bf278cafa94c52593d2a2af683dbe	Extra OpenGL Docs/rasonly.cpp
73a70bb4488ca4d3f8f648dbef558860dc76e649	Source_Files/RenderOther/ChaseCam.cpp
73da31a43d9a9e8c7acc5a4884c32b5c5bf3b92f	Source_Files/Sound/Mixer.h
73fa6fb6bcbc3377145690f325372989afca62a3	Source_Files/RenderOther/OGL_LoadScreen.h
7456842d238ad9242a4a67806d37bfb15cd6daae	Source_Files/Misc/thread_priority_sdl_dummy.cpp
7478e47806626ea67280d7c90da44cf8988cbc0e	Source_Files/Files/AStream.cpp
75a666129c391bf67ed75b308c240f5c1b0ad73d	Source_Files/Misc/preference_dialogs.cpp
75afc3f55d7fc63946716949371d2e2a15c60670	Source_Files/Network/network_speex.cpp
7670beed163aa3b450bf94fccb198409bc7afa81	Expat/gennmtab/gennmtab.cpp
76e326d6493626ad2145805e24a1be53ba8d391d	Source_Files/Files/preprocess_map_mac.cpp
770471b1f465d847c7a33208911aa3faeb783d65	Source_Files/Lua/lzio.h
77081fb22e8f510fad1e153cc36e77554d3367bf	Source_Files/RenderOther/game_window.cpp
77db0d8aaf4b53793c5a9a1bebb72c9c31f0d7d5	Source_Files/RenderMain/RenderSortPoly.cpp
7990ae356bec2056eb1fb4c0109f12d17678b58a	Source_Files/RenderMain/textures.h
7a60a7dce119e543243341454342647200949b75	Source_Files/RenderOther/HUDRenderer_Lua.h
7a9c0c5ca32b1c564c2254d72c7da43a8256e392	Source_Files/Files/resource_manager.h
7aa99016f0c8380c578fe00bc5865111b47df4f3	Source_Files/Files/wad.cpp
7ab89aa7aff682c3773705e1e2d3b6ee8b070115	Source_Files/RenderMain/OGL_Faders.h
7ae4f3766ffc3d48d1743babeb84e764ba855c50	Source_Files/Misc/carbon_widgets.cpp
7b515a2e5a2c15f3e18cdaf913f4e80e58c6fa2b	Source_Files/RenderOther/screen_definitions.h
7c66a1710c8b26ab5eebf3f342405a2aa9599ac3	Source_Files/GameWorld/scenery.h
7d39369e329f90f10f3e44d02274b6ceefd6742b	Source_Files/XML/XML_ResourceFork.h
7d609102e59135105af2d4ca8bd5cc9bf5af72ae	Source_Files/Lua/lundump.h
7d60bf403ecb639da0cff777294bf7407ca0370f	Source_Files/RenderOther/computer_interface.cpp
7d9afe4706495037d56611ead7d06eb7a55082bb	Source_Files/GameWorld/dynamic_limits.cpp
7e46abd196f3efaca9f750279c7d9ad7a0f50cba	Source_Files/Network/network.cpp
7ebf51398111bcbf778e892c86b99af3194f8bb0	Source_Files/Misc/PlayerImage_sdl.cpp
7f34ee5a25c2b794841a83c9fdedb6dd3a7879e3	Source_Files/CSeries/cspixels.h
7ff61df06c17afa32178e15398b100944e37e851	Source_Files/Lua/lualib.h
803ef02a1730107802429a97430bfc0bc4804459	Source_Files/Lua/ltm.h
80647742499c5d6b179148a19654f8674bf2426a	Source_Files/Files/import_definitions.cpp
81218629c40bca18e959454e1191c370a754ab66	Source_Files/Files/Packing.cpp
8129f9b08d7f8c80eb34b81479c2a62d5bb2aa77	Source_Files/Misc/binders.h
812a041c0dafd9b6906c0b433558ce1f35a3c9c6	Source_Files/TCPMess/MessageDispatcher.cpp
81b5f6d07e34008e275bf77f6dc3faf6d89fe959	Source_Files/Files/Packing.h
81df11497b5dd6697c66d54f4c0879fcf9b27547	Source_Files/Misc/OGL_Dialog.cpp
81eb2141c20d7c3dc9e1c5b9f08dbc0e1a6325e9	tools/dumprsrcmap.cpp
838880e3affb7aa437d3599fd49c552eea672870	Source_Files/Misc/thread_priority_sdl_mac.cpp
839e364da3d3ec2093b00e2c746d757eb7d4c1d1	Source_Files/GameWorld/lightsource.h
840923d9317dc23c89e13d2b41b4dcd946c0a9c6	Source_Files/XML/XML_LevelScript.h
84af51182ce39302fea6e11b1dc5e18159bdc032	Source_Files/Misc/interface.cpp
8671b3d0c20a1830865a3324a6ed4dceffc22d1c	Source_Files/RenderOther/screen_drawing.cpp
86850d50a487e1dd889d1cf4d6a982efb47d9c91	Source_Files/LibNAT/utility.h
868d180be65bcd2f5f66c1888af18e8fca61395a	Source_Files/ModelView/StudioLoader.h
872f0e57d3beb036de907f335c26f2bd009213da	Source_Files/GameWorld/weapon_definitions.h
886f599b67dee19f2661ca1279ff40e93bc8d7f4	Source_Files/RenderMain/RenderVisTree.cpp
8977259cf3c1e1966d7fc02a75fde8eb3341b5fb	Source_Files/Lua/lparser.h
89a01ec2f486b697e58c1b418750ec334ea065f7	Source_Files/GameWorld/player.cpp
89c91cb0d6cc774924423e2817f73e44f34ab131	Source_Files/RenderOther/OverheadMap_SDL.cpp
8bef195051e6bba62904fe637843f4f16c83ef39	Source_Files/Lua/lua_player.h
8c8c64da81951b9ed54710a585f6eefa3e02c1c6	Source_Files/ModelView/Dim3_Loader.cpp
8d45073e07f5221ca84d5bf026c27d4aca97eb68	Source_Files/GameWorld/items.h
8ded93bc6580ffdab1ddb3f67b0fcff3bdee1fbd	Source_Files/shell.h
8ed717533aee14248716a835e1ad3b7389b71e03	Extras/physics_patches.cpp
8f16b9b11f16318b8f2727154fcbcee0b23cfa00	Source_Files/Files/crc.h
90f5bd5366c2288199b727fb73efe7acc41ad4da	Source_Files/LibNAT/error.h
9170c40b5be70defddab423297c6169aa6fc3b20	Source_Files/CSeries/csfiles_beos.cpp
91cc9a5f6564edf025289a7fe58cac673030c478	Source_Files/RenderMain/RenderVisTree.h
9243ce724ec13e468b9e5fb374bf057d6c0d54ce	Source_Files/CSeries/csmacros.h
943c5f34c851cd80288a4c6d29f6e67564898a5a	Source_Files/RenderMain/Rasterizer_SW.h
944e2f3802633aeae4b8e592fce882c2a6dece2e	Expat/xmlparse/hashtable.cpp
94d135ddade2b9bea2d28da93f8e65bd33fb93be	Expat/xmltok/xmlrole.h
9513084c388c06899e5b45ffde29d843c0bf88ca	Source_Files/Lua/lmem.h
95f8937389bdb491d137b02498928d6c4fb88733	Source_Files/XML/ColorParser.h
96535a80aa96cd0665edc17c70597b87341dbaa1	Source_Files/Lua/llex.h
965c260656c04687d584e6015b3ab49a3ad8e0b0	Source_Files/Network/CarbonSndPlayDB.h
96712e00b8a6c61c39a17534e820e66f0a8236a3	Source_Files/Network/network_data_formats.cpp
96fe787ef2993f41459efc09238bfde3f1c39fe5	Source_Files/CSeries/BStream.h
974063d08b141ac0b8fe686d2aa410cb7da05c3c	Source_Files/Network/network_speaker_sdl.cpp
979612ca43dfa3ef4ccf65dd9742c2ca687128f7	Source_Files/Network/network_names.cpp
98785e4dd40f7c295da62b7cd53748ad8e970064	Source_Files/XML/XML_ParseTreeRoot.h
988b742d47d5466e66fba09e5c467013e2e0cbaa	Source_Files/Network/network_games.h
989a6ce7f62af96b328fd70dcd6aff25e0e5af3b	Source_Files/Misc/preferences_private.h
98ac0379b955d4b98f7d68c624a2be757ca01251	Source_Files/Sound/VorbisDecoder.cpp
99461dc5a2ac26285a30dc96482aa027743b6d0d	Source_Files/Sound/ReplacementSounds.h
9a96bceba009a3f477fd48234fe5b7adfada72f1	Source_Files/Network/network.h
9b6151d522b7c7bb82b0a1fa96759e725cbc4282	Source_Files/CSeries/csmisc_sdl.cpp
9bcefc1242f0be40e5636db9025910ca2e1f4170	Source_Files/Lua/lgc.h
9be74c678883ad44917c152ae56521841749cba9	Source_Files/Network/network_speaker_shared.cpp
9c00d0739b67892d3f61b2c7513a10af1d6494c3	Source_Files/RenderMain/WorkQueue.h
9d0cf4a5e2bd8305a58068d200b3b7dd4f9c7b9f	Source_Files/Network/network_capabilities.h
9db0feb980c831b32704c9c6e0c2cba4493b037d	Source_Files/RenderMain/texturers.cpp
9dc51384103da88f40f41a5d96f4ff13f2e3a2e9	Source_Files/Network/network_microphone.cpp
9e4a269595eb9f68366174e7615da8dc19b52e9a	Source_Files/Network/SDL_netx.cpp
9eb4f433dd21db4380f0b4069a921405aeaab220	Source_Files/RenderOther/game_window.h
9f498c3d34c85ac9d85633fd6066bd87c125a95e	Source_Files/CSeries/byte_swapping.cpp
9f697d856a46b01ec38d72a8e6e657b0a6904de6	Source_Files/Misc/VecOps.h
a007c862685c13fad2b2ab0b57eff68eee2476ed	Expat/xmlwf/xmlfile.h
a043c0bcf2b1e50e57e21b4c19c5aa0caf43aa34	Source_Files/Files/find_files.cpp
a19d8f4c7557578630f7d760c90aa0b134d69a01	Source_Files/Misc/macintosh_network.h
a19e36c72c4cbbfa38fcfb50b7da3b4ac6510ce3	Source_Files/Network/network_microphone_shared.h
a1aba8dedc1c81bcceb8747d6bb70bccdae8978d	Source_Files/Lua/lua_templates.h
a1b14b62807d09c51f1a91610927b42fdf96489d	Source_Files/Lua/lapi.h
a22a7312abc341370fc338b08adeefc04ff5724c	Source_Files/RenderMain/AnimatedTextures.cpp
a2c4ac93305a23d9ff0265ed750af6f7067d32fa	Source_Files/Misc/PlayerImage_sdl.h
a38b448b23b3e3597fb759cc31575c9ee238a346	Source_Files/RenderOther/sdl_fonts.h
a39a23d5d9515d8b93344a087293dbe85ca0dea4	Source_Files/Network/Metaserver/metaserver_messages.h
a406ab937c7eb5c3b96062d72db1ff6d82d85db9	Source_Files/Misc/key_definitions.h
a415996779e844e676c4b4c35eb8b1e8f5361561	Source_Files/RenderMain/shape_definitions.h
a420541047c64adadebf7a5e5427d97fc1ce1720	Source_Files/RenderMain/OGL_Textures.cpp
a4311e7404c99af6120911392b38da5c264784ea	tools/MapChunkerMain.cpp
a4edea0659c057b1682ce9e598492492446d5b23	Source_Files/Lua/lstate.h
a4f29ab2787abdcd8bb2dbab2912e34f9b56d472	Source_Files/ModelView/QD3D_Loader.h
a5793502f4179def9ad22bb9c737c7cb7dc7629d	Source_Files/RenderMain/RenderSortPoly.h
a5840f16f118e080d0d31a9c46a7ffa9e56ee4cd	Source_Files/RenderMain/OGL_Setup.cpp
a5928575a77b3856137c53936e0c2a01ef767dfb	Source_Files/Network/network_microphone_coreaudio.cpp
a6547a43453ff8bed8d7018b3adb1120983ee7e0	Expat/MacOS Support/GetFullPathObject.h
a703282f7295519e1b2823c39f1e8b26062e3402	Source_Files/Network/network_lookup_sdl.h
a76452cb60edd7c96aa57c39719fee2b31465bda	Source_Files/RenderMain/OGL_Render.h
a7676e46249d26e326c8ba2c7bdac9ce92318d16	Source_Files/Sound/SoundFile.h
a77b0e3be8fe8373f49c4126784b575599d3dded	Source_Files/Network/network_lookup.cpp
a850225497bfa6192410ca50a828e5db0ed46bb6	Source_Files/Misc/preferences_widgets_sdl.cpp
a85e6cd7710d8caf9cc19d8335c0b90284cb03cf	Source_Files/Misc/Scenario.h
a8ca47cb724f1184c915a1215f274a7ae4cce5f8	Expat/xmltok/xmltok.h
a8cdf61004daaca30934230ef8fcb27fb87605c3	Expat/xmltok/dllmain.cpp
a8d1295b5dbb97d84ba062a6c4deb5cb934dfddc	Source_Files/Files/wad_prefs_macintosh.cpp
a960b80ce00ba73667ee8eee6973236a1797da66	Source_Files/XML/ShapesParser.cpp
a9ad1643364a0018ebbc146569968c0c6eab9e8d	Source_Files/RenderMain/OGL_Faders.cpp
aa103e25bdf6760ca64fb77a1b233c79763783b8	Source_Files/Network/network_dialogs.h
aa13e007fff5678ad76b4b93e27ec35b5c2b80e3	Source_Files/Misc/DefaultStringSets.cpp
ab3b77228d94b33aa4b2979bd9607871d1656304	Source_Files/Misc/ActionQueues.h
ab6603abe029cb8abf18bcac1b863c30005883a7	Source_Files/Sound/BasicIFFDecoder.h
ab98865589492790141bd1d39994c8a6d167a328	Source_Files/Misc/vbl.cpp
acc46a3edd774a52f6de0f5316dac552c0ee1a02	Source_Files/GameWorld/projectiles.h
ace3c02835253416bdb69c729f573afca13e32d5	Source_Files/Files/wad_prefs.h
adf769b0fe1881f9833affae04a369e81f77e4ae	Source_Files/GameWorld/world.cpp
ae8889eda7210352791a06bfc9092e5812649403	Source_Files/Misc/shared_widgets.h
aea0272ea0f0833a4d68a6f99d475ebd99525abc	Source_Files/CSeries/gdspec.cpp
af0cea4bf603677221ed12f72c1b7eb5a8a1d46a	Source_Files/Misc/LocalEvents.h
af2f557a80528853c36da2ad9ff947c42dee2e49	Source_Files/RenderOther/Shape_Blitter.h
af5ac36570707e46486f20bd8f1596d4a2996fab	Source_Files/Sound/BasicIFFDecoder.cpp
af99e5774d1a7af746f2240c38bd33f06ea3182d	Source_Files/RenderOther/motion_sensor.cpp
afb764892d97d4046bba5630504dbe5864fabd29	Source_Files/ModelView/Model3D.h
afcd06c0c17272aeb69c73e5631530d9e9d08bf0	Source_Files/Lua/lua_monsters.h
b0990b7a033a5c9e9d0b781a7afcbc5748c126b5	Source_Files/Sound/VorbisDecoder.h
b09f711d5d57c158c6586c18679749809a9b39b0	Source_Files/GameWorld/platform_definitions.h
b0db26979d29244fee1428113fa49969dd35be20	Source_Files/RenderMain/scottish_textures.cpp
b14ca2f53199f7e8706b57bdf2943df0ca362f09	Source_Files/Sound/sound_definitions.h
b1719f2703990edc0ae8288b92fc3d13c28c1813	Source_Files/Sound/song_definitions.h
b1a27717368ec87358c03ce64627126c3a8a8717	Source_Files/GameWorld/item_definitions.h
b1bd61e88f07ca68c37975ec0c24ab7e432b271f	Source_Files/RenderOther/OGL_Blitter.h
b2161c690efd4bd473b885e10bf8007c8f714014	Source_Files/Network/network_messages.cpp
b233154917ea654551a90649527a1856ce895ea9	Source_Files/RenderMain/OGL_Textures.h
b268374e7edf6575aa8702f9db527f3256168ccb	Source_Files/Network/network_microphone_sdl_win32.cpp
b27c1b276d33c77d2d5614035fdc7f45a8c06cb3	Source_Files/RenderMain/RenderRasterize.h
b3e6acf2f0dc1c182a32926941463d105b63dbfe	Source_Files/CSeries/csdialogs.h
b47af9e36a464e5381d4457d74d1917fc091819d	Source_Files/RenderMain/ImageLoader_SDL.cpp
b4d8ea64296bb7b44ab9cf4d916ef4b997c15809	Source_Files/RenderOther/motion_sensor.h
b55ff78d196011e184b7aa3801a953487d1eb753	Source_Files/Network/network_messages.h
b58c2e594cb5dde7c62d99abc3a7038b52a17196	Source_Files/GameWorld/monsters.h
b6536bea9dd0995d6a9d125f474e4771f884df6a	Source_Files/Files/game_wad.h
b657ef40dde7cafec534c3432eac9f29719d9944	Source_Files/RenderOther/OverheadMap_SDL.h
b775553af0c4f429d2014c39d57eeb77a9160df6	Source_Files/Lua/lua_map.cpp
b7d49b6285d514a6950e46a39a6b8cead6066e86	Source_Files/Misc/preferences_widgets_sdl.h
b80beb47a16c797bc66423739a60236c10561262	Expat/xmltok/xmltok.cpp
b85aadec364c0838ca8efb41afc4ee5b21ccb8a1	Source_Files/Misc/Logging.cpp
b94447b1ed356d5f6b3986772e1fb3c5cc7ce49b	Source_Files/Network/StarGameProtocol.cpp
b94efbbdade61b3b99d5300322cd08ce21da2f4c	Expat/xmltok/latin1tab.h
ba5914ce517cc4ba8111d2d22500f0f250736c10	Source_Files/Misc/ActionQueues.cpp
baed5af1229b05add3a99d259b7e5d6d02f2bba2	Source_Files/Input/ISp_Support.h
bb3488270ec770899212e67423cf1947f39938d8	Source_Files/GameWorld/media.cpp
bb6dc0f4a051d16ae75bb0fc0aa0efb6de7fe082	Source_Files/GameWorld/media.h
bc96897b60624657267dbe33913bf67788cfd52f	Source_Files/CSeries/mytm.h
bcabb0740c0469e9c20e407afc9b4b2d9e1a157e	Source_Files/Misc/progress.cpp
bd124d36cc8e7fc1d8f8c584b46954316bd36e79	Source_Files/Sound/SoundManager.cpp
bd284d6851cc8dbc8f9742e4d3665b7a64af3bdb	Source_Files/RenderOther/screen.h
bd49fb0c07031060836a1b90c9af5a2f0c1a6a5b	Source_Files/RenderMain/OGL_Model_Def.h
bddfa594484d737a53b01c53216ffb9459fce403	Source_Files/Network/network_microphone_sdl_dummy.cpp
bdef835c88f35348159cbb0379c3daf39ad4f0de	Source_Files/Misc/shared_widgets.cpp
bf74d28c7ed576e1ddfba4dbe09075df7a3af862	Source_Files/CSeries/csfiles.cpp
c0a807c7d82c8f0e533754b14cbb3ffee49e2313	Source_Files/CSeries/csdialogs_sdl.cpp
c0b11ba04769fa7e6ec2b69187109631ecbcb6a4	Source_Files/Lua/lua.h
c1927746ee914c167e415fff58cd79cd9cfe26ae	Source_Files/CSeries/csmisc.h
c1f01e78361137952534a6b44717af977ce4d21d	Source_Files/CSeries/csdialogs_macintosh.cpp
c24f47acfb1477ede2ef4c07f2c297530e0e87c8	Source_Files/XML/XML_ResourceFork.cpp
c30725e6ac1e90da41995333acf6d10fc90c29d3	Source_Files/CSeries/readout_data.h
c4c013ea918b6571e649b5c6fb576d439c19a14e	Source_Files/Misc/game_errors.cpp
c4c779f6ceb7ee83f7be869b28de07adf458dcc2	Source_Files/Files/FileHandler_SDL.cpp
c5529acbb07e0a9816a38568770d010ccef4f254	Source_Files/Lua/lua_projectiles.h
c57a9b9db9874a44199d856e0f171ce0516bb040	Source_Files/Misc/sdl_dialogs.h
c605b69d0de7397d20d16854b099e309c2bb86f7	Source_Files/Files/find_files_sdl.cpp
c63aeaf60bbd42b29aedbd17c8ea357379847b1a	Source_Files/GameWorld/scenery_definitions.h
c82a4264b8e7bd9f4d4f7f84d18f0be9c132b74f	Source_Files/GameWorld/map_constructors.cpp
c835ff2165343d1a0f0ac6fc7c4e5cf321b8e2ac	Source_Files/Misc/Console.cpp
c8f2dbb016a10765d4d1a48808e970813fac993c	Expat/MacOS Support/SmartPtr.h
c93f5347f6ee2b77cb5107271b15a22102d0d3bd	Source_Files/RenderMain/AnimatedTextures.h
c9a06f9aa151de3d2463f3ac1fafc4159590f6db	Source_Files/RenderOther/fades.cpp
cabcd51966850d518f34ae6ba9809e085f49369b	Source_Files/GameWorld/map.h
cb9e32bb9e0c784dbce53532f4cdc6b080e2360e	Source_Files/Network/network_data_formats.h
cbda2ed526f5da1bc6e08f7ee7049dac7639c56e	Source_Files/RenderOther/computer_interface.h
cc805e4f44b3475cb99b6792556e01d3e6ba0c2d	Expat/xmltok/iasciitab.h
cd40194f2b20fe81132aaa3df7540e4baeecb310	Extras/noresnames.cpp
cddaa485cef1567bdb403ce0fe3c5942ed232aea	Source_Files/RenderOther/sdl_fonts.cpp
cecc8d654a97a47faa173f350a24441b6f42b1b9	Source_Files/XML/DamageParser.h
cedcbc8ce21b175ed499c1cdfff7ddc7f2dd118d	Source_Files/CSeries/csfonts.h
cf08b1066a658e15448a9c7c42dedd4b731a59b8	Source_Files/CSeries/csalerts.cpp
cf1ac2fb1d315f61df81f2260d7cca7cbcf3e93d	Source_Files/Network/network_speex.h
cf5c2fd362a0315a2b4cab0f6f46334a851cb1af	Source_Files/GameWorld/projectile_definitions.h
cf945e1babaf8e0d5b5d0ce81ef6cac41b04070a	Source_Files/Lua/lua_projectiles.cpp
cf9bb1695998f90748d69666e2a2de6f625704b6	Source_Files/Misc/CircularQueue.h
cfd28384cdb551c9dea6060c29626e6ef29f8b61	Expat/xmltok/utf8tab.h
d01d2272d47880b47935eee75769fb1f7b832c64	Source_Files/RenderOther/images.h
d07d4dff4a83e1a316998bf7bb6aa13e88dc4d4e	Expat/xmltok/xmltok_ns.cpp
d0d52f26c007f0f44122dcbc5b8a7438cbe3fba5	Expat/MacOS Support/OpenSave_Interface.h
d100373cf8ea34aad59b308f86d51c35f36ebe76	Source_Files/GameWorld/pathfinding.cpp
d202adbc8d5c6e0f58c943cdd2a6036f1b9c1f71	Source_Files/Files/wad_macintosh.cpp
d21bdfd7d63f8124f30c068b986672a31ee159a3	Source_Files/GameWorld/effect_definitions.h
d2b394d3d5fd2714a8ebac300ac4e2207cc1ae12	Expat/xmlwf/xmlfile.cpp
d325fdee8bce12cd5f9c3eb975c1e29be06d2e53	Source_Files/RenderMain/Crosshairs.h
d3866d018612f3c4407308850f7664c91a53bf98	Source_Files/Lua/lua_objects.h
d38d2f8038689ec89db99e375cb5609b10e613db	Source_Files/Sound/SoundManager.h
d3c9aef1d1656f8d502dcdd8f4b85b3f710e7c35	Source_Files/Files/tags.h
d4b196b1636fb0724140a2250543c7ff9cebaa42	Source_Files/Lua/luaconf.h
d56b61947c9fc592e473a3df7951cea19a56098d	Source_Files/CSeries/byte_swapping.h
d5ff36e5ca634dd6b7b0c422d668197934fc7716	Source_Files/Network/Update.cpp
d6524c1122d8033bd1fd94b6eb1a98cfdf7fdbaa	Source_Files/Network/network_games.cpp
d6d699862afb149d4653036b08925445d5ada6f6	Source_Files/CSeries/cscluts.cpp
d70467b9573ba0c0a4fcbbd9668f6f3e21dd3c62	Source_Files/RenderOther/TextLayoutHelper.cpp
d7092cbe2862ba2752ea7d7d72e046666b47fad7	Expat/xmlparse/xmlparse.cpp
d70ad5fb5b034c1102bb4a4122e87787d5417b7f	Source_Files/Misc/AlephSansMono-Bold.h
d7101c9ee21e84f032eb10d60775459d42c16fb0	Expat/xmlwf/filemap.h
d81d5d6e2cfcd256f9fc1f4dac4e8b0edb646c24	Source_Files/RenderMain/OGL_Win32.cpp
d836ba2df46ee9eeab585edfeb982d84b59ca10f	Source_Files/LibNAT/http.h
d855a1f5d62b88c0cda4fba6dda44408b260bda7	Source_Files/Network/network_dialog_widgets_sdl.cpp
d92fd846c7d9da30542bb98a8b4c8df473f9e7b2	Source_Files/Input/mouse.h
d9811f3357d7928cdbab7e0981d8067f0cb2849f	Source_Files/Sound/Music.h
da455ed8c26cc9616d1cdd0b736eb0ecff3a3fc6	Source_Files/RenderOther/HUDRenderer_Lua.cpp
da739c8f5a72e8cf1e9110352a5b5f17ab2c1fb6	Source_Files/RenderMain/Crosshairs.cpp
dc3b1ed9ded2ace3d5c26744e4b1b01b4934a27a	Expat/MacOS Support/MoreFilesExtract.h
dc8dc0bbf2d82c93dc578a195d88bbf780dfb8da	Source_Files/RenderOther/Image_Blitter.h
dd607c0ebc62538d204bf869a56b68a9c05f37fe	Source_Files/Misc/vbl.h
de03d5c881a22d9c7292f46ce3d3470285cad37e	Source_Files/CSeries/timer.cpp
df025ec21ab742c26171b84cdf14155baa8556e8	Source_Files/LibNAT/os_common.h
e0b9c653629fc9f69f63643a103c4e0040824341	Source_Files/RenderMain/ImageLoader_Shared.cpp
e4808a3221ec280d2d2d8376ff7d2f03e82ec12d	Source_Files/RenderMain/RenderPlaceObjs.h
e48b57b0ca0ee2ad345eb4bcf642a530e9d63127	Source_Files/GameWorld/flood_map.cpp
e6c194256d837375dce17547f20f6eb04cc78af2	Source_Files/GameWorld/weapons.cpp
e6ea8c12037b613ca88b0a32b3216af0035e5fad	Source_Files/Misc/CircularByteBuffer.h
e73b024e1826646cd7b7ad504cdc7664845c9178	Source_Files/Network/Update.h
e75c61902b7ef7a6a8232dc5803b756391e525b3	Source_Files/GameWorld/scenery.cpp
e78d71de4e25b2357d02c787c7d8027892c85a69	Source_Files/CSeries/BStream.cpp
e7bd095acd63892459a8622c52cf39d22e1beb30	Source_Files/GameWorld/TickBasedCircularQueue.h
e89ccccfad1c83d42c58c3077bdfbec42b81af4d	Source_Files/CSeries/timer.h
e9c2ae7539219654380f21b9c09fc156616a9274	Source_Files/Network/SDL_netx.h
e9ca15fbb0f055b36437f9058d3dcfff1e4c740c	Prefix/marathon2prefix.h
ea6f104ce90d716d628faad105f275674a1f9ab5	Source_Files/RenderMain/render.h
eaa7964738f6dbd954ac932723641b09cb8dbbcc	Source_Files/GameWorld/monsters.cpp
eab1a6433cac2271430807a7a778f3d2ca217bbe	Source_Files/RenderOther/overhead_map.cpp
eacefe6367d1415538b0408e5d5235fc59f397c6	Source_Files/Misc/CircularByteBuffer.cpp
eb02e612328996390384fc4c496d7db46734b0d2	Source_Files/Files/preprocess_map_sdl.cpp
eb958d169ca2c8419a82081b65f0ca2205537bd0	Extras/extract/shapeextract.cpp
ec8f01bb22e15c122b5b69409e0ec7cd91efeb1a	Source_Files/Network/network_distribution_types.h
ec92948d3488ee0b409708a63a711d7bc2b25bf2	Source_Files/Misc/thread_priority_sdl_macosx.cpp
ecd281cee11f3bebc16df152ca8059e9afcb6022	Source_Files/Misc/thread_priority_sdl_win32.cpp
ed05be580fa07840a487456b2983ec7d0c34a230	Source_Files/Misc/alephversion.h
eefa387dc2dd738fe5dab955bb8932a05b14bdd5	Source_Files/CSeries/cseries.h
efb532fb70de432f48cfd576396caffe6cae4c13	Source_Files/Network/network_private.h
efc452eb835041619c34614807da3c285b3fa3db	Source_Files/RenderOther/Shape_Blitter.cpp
efe9c6e3c02b62f257ca197947686b02f246623b	Source_Files/Misc/Console.h
f0aa465ac25a8322a1ad1cbb13f772c88f202c8d	Expat/xmltok/nametab.h
f165982f4d87404cfa4be96901a3e83f003ed38b	Source_Files/GameWorld/placement.cpp
f192e9845117e0a28476c6fc1cbf67b8aa06d96b	Source_Files/Lua/lobject.h
f2088822f45159b12600e9f39b7dbd5ab12039a0	tools/dumpwad.cpp
f21c3408002daecbeb5651570926011138de278e	Source_Files/GameWorld/effects.h
f3ee559704dc407a1cd0aa74204455d1c84916da	Source_Files/Network/Metaserver/metaserver_messages.cpp
f4565eca663644f08ae74418c10aaeab0d5d4f47	Source_Files/RenderOther/HUDRenderer.h
f477d0024495b113d39c9c3a26146ba33496cf1d	Source_Files/ModelView/Model3D.cpp
f4e3b83dfe714700fa29f81137e9a748b5125550	Source_Files/GameWorld/dynamic_limits.h
f51274102c852342fdc22acefed4550a5d3dd3ed	Source_Files/Sound/MADDecoder.cpp
f57c60d90495b61ebf25156a83a2ccbb41c4976a	Source_Files/RenderOther/OverheadMap_QD.h
f5a986d0646254522b92605bf618c7050b9252ab	Source_Files/Lua/ldo.h
f64ab227b1d64232278d32ac9e088d2cf2746a87	Source_Files/Misc/game_errors.h
f65319fe35a297b9570ec83e7abfd03450f239a1	Source_Files/Lua/lstring.h
f6a7ff11a5e942253e876d66c7bbcb98dbfc15cb	Source_Files/GameWorld/platforms.h
f6b72c0051a253c7c5c52f9c34c69fc888007d98	Source_Files/RenderMain/OGL_Subst_Texture_Def.cpp
f71fb4df51daf14d79d7fc581f2023160816e81b	Source_Files/Sound/MADDecoder.h
f73fa49bf678d7f01d74159354df2366e3f245c2	Source_Files/RenderMain/collection_definition.h
f765c14d56cc188567255c96a9121a9e91cc2c7f	Source_Files/Files/game_wad.cpp
f785a8135558fef9090a4a9437b51b7dadffcf6f	Source_Files/RenderOther/overhead_map.h
f7b236f38b3d4f04d45f16d40acdd65f23c336a6	Source_Files/Misc/export_definitions.cpp
f82309c0e61b29b3997263f87bc0a00a08e528fa	Source_Files/ModelView/ModelRenderer.h
f827f5aa451518e7a27247afe3a0d44d828e65c0	Source_Files/RenderOther/TextStrings.h
f842bfe50849868fa2cb0ab319b38aed9887f56f	Source_Files/Network/RingGameProtocol.cpp
f921566417b07af11ad845b9f903738a0d288d5e	Expat/xmlwf/readfilemap.cpp
f947094969b97c22734965c09115a38c708e973b	Source_Files/GameWorld/physics.cpp
f94959d6fbf8b1f55676871aa5d887730fcc0e40	Source_Files/GameWorld/physics_models.h
f9b9f8625e586e932136da66e3a9d2b11d604b21	Source_Files/Network/network_speaker_sdl.h
f9c3ae0007a6f873cb1097f5a7c81d314bc8134d	Source_Files/RenderMain/NewRenderRasterize.cpp
fa29b0e0c98039e0c93f7e9ca35a1780242d24a5	Source_Files/Lua/lua_serialize.cpp
fa59f9357572ef606fefbf2b6b8f27b7649555f7	Source_Files/Network/network_dummy.cpp
fc0fda6adfc401a9f8be90751c5a86586b24c912	Source_Files/RenderMain/shape_descriptors.h
fc7c80bacef02ce1c7952fc3c27d519f066e19dc	Source_Files/Network/Metaserver/network_metaserver.h
fd51ed5acfa4598c1a0d510c2275aa5f5dcfd2f8	Source_Files/RenderMain/SW_Texture_Extras.cpp
fe840e039b386f26a34aa7ac842c6e5781f6bf98	Source_Files/CSeries/csmisc.cpp
ff1902681961d0786052fd2ae43dd3c16449d110	Source_Files/Network/Metaserver/SdlMetaserverClientUi.cpp
ff243f4d36c8a10b56c18bb736d9d10f3c609a87	Source_Files/Sound/Mixer.cpp
ff7abef97f0f2ec0bd368fdeb74f3deb818ed472	Source_Files/ModelView/QD3D_Loader.cpp
ff884b9149985978138e720e9713b9a3094eb045	Source_Files/GameWorld/lightsource.cpp
ffaa4c6ec57fc301f8a91457bda1bb0a39d3d792	Source_Files/Network/SSLP_Protocol.h
a007c862685c13fad2b2ab0b57eff68eee2476ed	Expat/xmlwf/xmlfile.h
4009fde502837c2b79248b783f0841c57ee5eee3	Expat/xmlwf/xmltchar.h
271fdbd624e93f49f16f46465e9043e0fa6b7e1c	Expat/xmlwf/unixfilemap.cpp
4366ca3739aeca4ba892953bcfb150ec44c393d2	Expat/xmlwf/win32filemap.cpp
d2b394d3d5fd2714a8ebac300ac4e2207cc1ae12	Expat/xmlwf/xmlfile.cpp
72fdfdeb511bf278cafa94c52593d2a2af683dbe	Extra OpenGL Docs/rasonly.cpp
2f5c5c9abad9b4f1c6e00804adbec4811d6d1e24	Extra OpenGL Docs/multitex.cpp
59269dc500646124a23105b4615f01059b2c23a4	Expat/xmlwf/xmlwf.cpp
